Number,Word,Status
1,rapid,In English today
2,Rally,In English today
3,Dealt,In English today
4,Radio,In English today
5,video,In English today
6,speir,As gaeilge inniu
7,Duvet,In English today
8,green,In English today
9,Craft,In English today
10,euros,In English today
11,Brave,In English today
12,Loath,In English today
13,naomh,As gaeilge inniu
14,Quota,In English today
15,Abode,In English today
16,Reach,In English today
17,Yeast,In English today
18,Kinky,In English today
19,Horse,In English today
20,obair,As gaeilge inniu
21,Thump,In English today
22,Lemon,In English today
23,Adapt,In English today
24,Tardy,In English today
25,Chick,In English today
26,Ember,In English today
27,madra,As gaeilge inniu
28,Jumpy,In English today
29,Chime,In English today
30,Chart,In English today
31,Issue,In English today
32,Mirth,In English today
33,Juicy,In English today
34,fearr,As gaeilge inniu
35,Drink,In English today
36,Ocean,In English today
37,Evade,In English today
38,after,In English today
39,Abate,In English today
40,Creep,In English today
41,tinte,As gaeilge inniu
42,Beech,In English today
43,Agent,In English today
44,rebel,In English today
45,Forge,In English today
46,Scrap,In English today
47,Honey,In English today
48,cluic,As gaeilge inniu
49,Opera,In English today
50,Quirk,In English today
51,Wrist,In English today
52,Zesty,In English today
53,Forty,In English today
54,Tiger,In English today
55,lamha,As gaeilge inniu
56,Large,In English today
57,Regal,In English today
58,Oasis,In English today
59,Yarns,In English today
60,Quell,In English today
61,Lucky,In English today
62,rinne,As gaeilge inniu
63,black,In English today
64,Crook,In English today
65,Vigor,In English today
66,Fungi,In English today
67,Human,In English today
68,Grasp,In English today
69,blian,As gaeilge inniu
70,Molar,In English today
71,jammy,In English today
72,Drive,In English today
73,Whirl,In English today
74,Elite,In English today
75,Girth,In English today
76,balla,As gaeilge inniu
77,Yummy,In English today
78,Olive,In English today
79,Umber,In English today
80,Evoke,In English today
81,Early,In English today
82,Chunk,In English today
83,beola,As gaeilge inniu
84,queen,In English today
85,Baton,In English today
86,Yield,In English today
87,Tidal,In English today
88,Vault,In English today
89,chase,In English today
90,sasta,As gaeilge inniu
91,Snake,In English today
92,Dwell,In English today
93,Blend,In English today
94,cheap,In English today
95,juice,In English today
96,Endow,In English today
97,uisce,As gaeilge inniu
98,Lunge,In English today
99,Hinge,In English today
100,Grief,In English today
101,Pouch,In English today
102,Gravy,In English today
103,Ended,In English today
104,felie,As gaeilge inniu
105,Crank,In English today
106,Hazel,In English today
107,Elect,In English today
108,shift,In English today
109,joust,In English today
110,Goose,In English today
111,leabh,As gaeilge inniu
112,Fence,In English today
113,Pride,In English today
114,would,In English today
115,Inter,In English today
116,Radar,In English today
117,Tuber,In English today
118,uaire,As gaeilge inniu
119,Fresh,In English today
120,Mover,In English today
121,scald,In English today
122,Clown,In English today
123,Quail,In English today
124,Angle,In English today
125,solas,As gaeilge inniu
126,Tense,In English today
127,Flash,In English today
128,Inner,In English today
129,Index,In English today
130,Blood,In English today
131,Wrest,In English today
132,treor,As gaeilge inniu
133,Under,In English today
134,irish,In English today
135,Snipe,In English today
136,Brain,In English today
137,Lapse,In English today
138,Zebra,In English today
139,brici,As gaeilge inniu
140,Chaos,In English today
141,Kebab,In English today
142,Valor,In English today
143,stout,In English today
144,River,In English today
145,Manor,In English today
146,cearc,As gaeilge inniu
147,Opium,In English today
148,Ghost,In English today
149,Charm,In English today
150,Gland,In English today
151,Wreak,In English today
152,Fairy,In English today
153,marbh,As gaeilge inniu
154,Ideal,In English today
155,Knife,In English today
156,Prank,In English today
157,Drove,In English today
158,Haste,In English today
159,Worry,In English today
160,creid,As gaeilge inniu
161,Nymph,In English today
162,Onion,In English today
163,grand,In English today
164,Faint,In English today
165,where,In English today
166,Ozone,In English today
167,gorta,As gaeilge inniu
168,Loyal,In English today
169,sheep,In English today
170,Basin,In English today
171,Ankle,In English today
172,Woven,In English today
173,fiver,In English today
174,Garda,As gaeilge inniu
175,Board,In English today
176,Crust,In English today
177,Yucky,In English today
178,Limit,In English today
179,Yules,In English today
180,Neigh,In English today
181,croch,As gaeilge inniu
182,hurly,In English today
183,Visit,In English today
184,Jazzy,In English today
185,paper,In English today
186,Crown,In English today
187,Stool,In English today
188,cleas,As gaeilge inniu
189,Inert,In English today
190,Quiet,In English today
191,Bread,In English today
192,Eager,In English today
193,Bison,In English today
194,Minor,In English today
195,mhara,As gaeilge inniu
196,could,In English today
197,Blunt,In English today
198,Latch,In English today
199,Above,In English today
200,Niche,In English today
201,Fjord,In English today
202,suile,As gaeilge inniu
203,Flame,In English today
204,Birth,In English today
205,Bluff,In English today
206,Drape,In English today
207,Hasty,In English today
208,Addax,In English today
209,faire,As gaeilge inniu
210,Usurp,In English today
211,Wrath,In English today
212,Viper,In English today
213,Wharf,In English today
214,Bravo,In English today
215,Otter,In English today
216,imirt,As gaeilge inniu
217,Vital,In English today
218,Cheer,In English today
219,about,In English today
220,gammy,In English today
221,Paste,In English today
222,Gorge,In English today
223,ranga,As gaeilge inniu
224,Wreck,In English today
225,Yacht,In English today
226,Jewel,In English today
227,Track,In English today
228,Kiosk,In English today
229,Dusky,In English today
230,maith,As gaeilge inniu
231,Grown,In English today
232,Grime,In English today
233,Unity,In English today
234,Fruit,In English today
235,Gloom,In English today
236,Whisk,In English today
237,dearg,As gaeilge inniu
238,Quash,In English today
239,Flaky,In English today
240,Prong,In English today
241,brine,In English today
242,Verse,In English today
243,taxes,In English today
244,teagh,As gaeilge inniu
245,Orbit,In English today
246,Dandy,In English today
247,Nerve,In English today
248,dosed,In English today
249,Bloom,In English today
250,covid,In English today
251,oifig,As gaeilge inniu
252,Canal,In English today
253,Tasty,In English today
254,shook,In English today
255,Smile,In English today
256,Alert,In English today
257,first,In English today
258,craic,As gaeilge inniu
259,Usher,In English today
260,Toast,In English today
261,acres,In English today
262,Civic,In English today
263,Rinse,In English today
264,Leapt,In English today
265,deilf,As gaeilge inniu
266,Rigor,In English today
267,Whale,In English today
268,right,In English today
269,Verge,In English today
270,Realm,In English today
271,Brisk,In English today
272,cloch,As gaeilge inniu
273,Error,In English today
274,Gleam,In English today
275,Quilt,In English today
276,Viola,In English today
277,Truce,In English today
278,Rogue,In English today
279,athar,As gaeilge inniu
280,Youth,In English today
281,balls,In English today
282,chomp,In English today
283,howya,In English today
284,world,In English today
285,Pixel,In English today
286,sroin,As gaeilge inniu
287,Crisp,In English today
288,Snare,In English today
289,Query,In English today
290,Brash,In English today
291,Dance,In English today
292,Maple,In English today
293,gaoth,As gaeilge inniu
294,Nylon,In English today
295,chips,In English today
296,Hovel,In English today
297,Snail,In English today
298,thick,In English today
299,Quick,In English today
300,Clann,As gaeilge inniu
301,slang,In English today
302,Short,In English today
303,Prawn,In English today
304,Peace,In English today
305,Bacon,In English today
306,Tweak,In English today
307,deich,As gaeilge inniu
308,Wheel,In English today
309,Erase,In English today
310,Knock,In English today
311,Spuds,In English today
312,quare,In English today
313,Alloy,In English today
314,peann,As gaeilge inniu
315,Glory,In English today
316,putts,In English today
317,Knoll,In English today
318,Flare,In English today
319,Cello,In English today
320,Prone,In English today
321,focal,As gaeilge inniu
322,Watch,In English today
323,Coast,In English today
324,their,In English today
325,Hotel,In English today
326,Churn,In English today
327,Proxy,In English today
328,amach,As gaeilge inniu
329,Mango,In English today
330,Humor,In English today
331,while,In English today
332,Vivid,In English today
333,Folly,In English today
334,Glove,In English today
335,cluas,As gaeilge inniu
336,Gamma,In English today
337,Roach,In English today
338,Water,In English today
339,Maize,In English today
340,Nurse,In English today
341,Delta,In English today
342,peile,As gaeilge inniu
343,Caddy,In English today
344,Fable,In English today
345,Drama,In English today
346,Usual,In English today
347,Braid,In English today
348,Linen,In English today
349,ghort,As gaeilge inniu
350,Kneel,In English today
351,Yoked,In English today
352,Alive,In English today
353,Boxer,In English today
354,Final,In English today
355,Trail,In English today
356,bocht,As gaeilge inniu
357,Elate,In English today
358,Venue,In English today
359,foals,In English today
360,Nudge,In English today
361,Zonal,In English today
362,Gully,In English today
363,rince,As gaeilge inniu
364,Ochre,In English today
365,Input,In English today
366,rugby,In English today
367,Knead,In English today
368,Broth,In English today
369,Cloud,In English today
370,iasca,As gaeilge inniu
371,Inlet,In English today
372,eejit,In English today
373,Grape,In English today
374,Prism,In English today
375,Plume,In English today
376,Gripe,In English today
377,ceann,As gaeilge inniu
378,Brick,In English today
379,Feast,In English today
380,Cause,In English today
381,Peach,In English today
382,Binge,In English today
383,Vowel,In English today
384,eolas,As gaeilge inniu
385,scobe,In English today
386,Zoned,In English today
387,House,In English today
388,Blaze,In English today
389,udder,In English today
390,Eagle,In English today
391,madra,As gaeilge inniu
392,drawn,In English today
393,Quake,In English today
394,Moist,In English today
395,Apple,In English today
396,Plumb,In English today
397,Jolly,In English today
398,pairc,As gaeilge inniu
399,Xanax,In English today
400,Album,In English today
401,Route,In English today
402,Quest,In English today
403,Snack,In English today
404,Arrow,In English today
405,abair,As gaeilge inniu
406,Metal,In English today
407,Grate,In English today
408,Blade,In English today
409,cliff,In English today
410,wagon,In English today
411,Snout,In English today
412,beoir,As gaeilge inniu
413,Pithy,In English today
414,think,In English today
415,Trace,In English today
416,jacks,In English today
417,there,In English today
418,Novel,In English today
419,doras,As gaeilge inniu
420,Slate,In English today
421,Crash,In English today
422,Drake,In English today
423,curse,In English today
424,Scent,In English today
425,state,In English today
426,Coill,As gaeilge inniu
427,Music,In English today
428,Inlay,In English today
429,Urban,In English today
430,Remit,In English today
431,Tease,In English today
432,Dress,In English today
433,siopa,As gaeilge inniu
434,Draft,In English today
435,Sworn,In English today
436,Infer,In English today
437,manky,In English today
438,Harsh,In English today
439,study,In English today
440,dubha,As gaeilge inniu
441,Abbey,In English today
442,Melee,In English today
443,night,In English today
444,Feral,In English today
445,Stack,In English today
446,Ebony,In English today
447,bhean,As gaeilge inniu
448,Knack,In English today
449,Chair,In English today
450,Exert,In English today
451,which,In English today
452,place,In English today
453,Ample,In English today
454,gaeil,As gaeilge inniu
455,Nifty,In English today
456,Emote,In English today
457,Knell,In English today
458,Shell,In English today
459,Flute,In English today
460,Dream,In English today
461,croch,As gaeilge inniu
462,Bride,In English today
463,Tread,In English today
464,Sound,In English today
465,Vixen,In English today
466,Paint,In English today
467,Wager,In English today
468,Coill,As gaeilge inniu
469,Slope,In English today
470,Hence,In English today
471,Ivory,In English today
472,Outer,In English today
473,Uncle,In English today
474,Dairy,In English today
475,madra,As gaeilge inniu
476,Merge,In English today
477,Icing,In English today
478,Curve,In English today
479,legal,In English today
480,Cabin,In English today
481,adept,In English today
485,Clann,As gaeilge inniu
486,Labor,In English today
487,Scorn,In English today
488,great,In English today
489,Quite,In English today
490,Amber,In English today
491,Elbow,In English today
492,craic,As gaeilge inniu
493,Lease,In English today
494,chain,In English today
495,Fluke,In English today
496,Drone,In English today
497,Ghoul,In English today
498,Mocha,In English today
499,lamha,As gaeilge inniu
500,Score,In English today
501,Hoist,In English today
502,Wheat,In English today
503,Lymph,In English today
504,Broom,In English today
505,Verbs,In English today
506,felie,As gaeilge inniu
508,Shore,In English today
509,Judge,In English today
510,Drown,In English today
511,Beach,In English today
512,these,In English today
513,Angel,In English today
516,cluas,As gaeilge inniu
517,other,In English today
518,earth,In English today
519,Crush,In English today
520,Pupil,In English today
521,Drill,In English today
522,Bonus,In English today
523,dubha,As gaeilge inniu
524,Plain,In English today
525,Utter,In English today
526,Diary,In English today
527,Yearn,In English today
528,image,In English today
529,joint,In English today
530,faire,As gaeilge inniu